Wall_Area,Roof_Area,Window_Area,Overall_Height,Outdoor_Temperature,Humidity,Energy_Efficiency_Rating,Noise_Feature_1,Noise_Feature_2,Noise_Feature_3,Noise_Feature_4,Noise_Feature_5,Noise_Feature_6,Noise_Feature_7,Noise_Feature_8,Noise_Feature_9,Noise_Feature_10,Orientation_East,Orientation_North,Orientation_South,Orientation_West,Glazing_Type_Type_A,Glazing_Type_Type_B,Glazing_Type_Type_C
388.202617298383,188.924544861727,44.0134606307701,3.44957065491652,13.1021774526715,51.1259283657183,166.376702908172,0.989088075356854,0.904050819435282,0.791453729960929,0.339118414034529,0.448282146894445,0.123016759176494,0.300031871617125,0.0672290399912138,0.288525002862893,0.518963826409571,0,1,0,0,0,1,0
320.007860418361,192.818624672722,38.8410301403961,5.41731882103184,14.2838838296125,53.6907590270626,148.002019065323,0.818101050024029,0.0352198045754071,0.623866725268854,0.277418041835998,0.0143491477403501,0.818272774789761,0.956149834124019,0.0355384725343461,0.571152968304713,0.052571514204389,1,0,0,0,0,0,1
348.936899205287,232.989787876613,57.6666318164509,4.05563150917571,8.86929604814634,48.1296872000517,173.574834471485,0.340604643884352,0.180660621540634,0.439745311842848,0.962279911327598,0.61148532391647,0.497363116893289,0.389237251952227,0.420259339598375,0.914694299549694,0.682053840361759,0,0,1,0,0,0,1
412.044659960073,219.657911921678,53.5629281747229,5.23810314783231,9.2426717726161,50.7711393801254,195.742252030121,0.152047025044422,0.338514492770143,0.0105857395863934,0.352407120009382,0.995830003411399,0.234382952504573,0.697517733868844,0.896694250170814,0.73863871146225,0.268888050097877,0,0,1,0,0,1,0
393.377899507498,219.203945782928,32.3146154932297,3.5940370837321,13.5840706211923,79.1161639506903,168.598359939941,0.784058614467154,0.577496188065122,0.96492794294553,0.894172515292972,0.817248584040512,0.592759578542943,0.634112804922444,0.277569350529669,0.85666628197931,0.10676759258843,0,1,0,0,0,1,0
251.136106006179,151.491318670675,53.5548179274377,4.40994235413046,14.650701224258,58.995698061307,124.860371949313,0.743937820631742,0.852736157893942,0.962023253355724,0.181041671520925,0.617237946618148,0.793259306054402,0.952910848038851,0.172309324697653,0.182197644923033,0.830303685974995,1,0,0,0,1,0,0
347.504420876279,199.270216268032,58.1451982248787,4.88951059493407,17.4168837368893,44.5906981088166,156.091922428997,0.967046791979323,0.350201951956576,0.217552210280038,0.763746867188214,0.914398886797885,0.327624349051976,0.914602694494837,0.928208394329376,0.125664445313792,0.197907602914324,1,0,0,0,1,0,0
292.432139585115,177.859072723829,50.5892558918163,3.33930018813074,19.9836973201339,47.9950463833611,136.486319488738,0.874842361939339,0.26798868250442,0.0413463723165567,0.0613455360246428,0.813581681651062,0.701476324400594,0.148004056350031,0.16822325458257,0.544071133688893,0.104754268859631,0,0,0,1,1,0,0
294.839057410322,208.397737971297,48.1494632899066,5.11514787314009,12.2509902095822,43.4974116825279,156.670379551546,0.555662625272407,0.0618891688428958,0.530199363011902,0.462761229469341,0.49863935274004,0.427859179980687,0.0856858747294225,0.374840536713526,0.69737082571725,0.056906452603832,0,0,0,1,0,1,0
320.529925096919,197.055488310711,41.9235151238364,4.62085243712008,6.2514361269183,37.5873036047711,147.222890606933,0.101284246964742,0.821303477698104,0.951410814616408,0.00551044023552594,0.591220285407382,0.964051168845601,0.80964232779883,0.729015510336492,0.954988048162532,0.728557743534167,0,0,1,0,0,0,1
307.202178558044,227.305367242778,35.5346530043661,3.25764380219077,18.1410262720113,69.9342859063221,152.072492016648,0.48350065838396,0.379666443206679,0.910395845764935,0.810290763069436,0.73129280920302,0.770940086602732,0.904943213296823,0.260924008477602,0.371534408456479,0.655271247322768,1,0,0,0,0,1,0
372.713675348149,209.516546455739,58.0029794934003,3.69675724588768,20.2281297274419,35.7808782125091,174.714913445945,0.313695054022317,0.571550195416934,0.584662863889397,0.950486036037784,0.846426163978865,0.356350902522021,0.492973603922899,0.229849527793681,0.346556852203697,0.00819914058607407,0,1,0,0,1,0,0
338.05188625735,223.589838863269,46.9088555522829,5.60512008408217,15.8254034346195,40.5690481544823,151.275280106775,0.51240848202484,0.98355541817122,0.303548850653707,0.0351073708271457,0.0581764023767114,0.0177479590617621,0.690761273833775,0.397667233931554,0.515854297901585,0.221480540448304,0,1,0,0,0,0,1
306.083750824641,186.007427097922,47.6653333845631,5.89555598555132,17.9834388936146,61.5007141946751,147.67636179874,0.301701574639653,0.00159457060429458,0.329960883769196,0.933846361473314,0.774803857161151,0.657519895380428,0.0697882801784182,0.787364814596825,0.684937936706709,0.70468203111675,0,0,1,0,1,0,0
322.193161637271,171.666612322452,67.3272118691913,4.86809136022003,18.8039129989808,57.3437178208879,148.741148426648,0.861822991975596,0.145450140698866,0.897913551486028,0.773853891491353,0.447503439978202,0.197872158584852,0.219804397856472,0.910983353162506,0.566023777115303,0.152140854703952,0,0,1,0,0,0,1
316.683716368713,187.698509203924,56.8450110685919,5.4047618120405,19.8324067652412,63.7498153212598,144.094801700174,0.844327013982822,0.779110994019355,0.491784035635577,0.358861578792795,0.660798560301541,0.121879175649133,0.149376194656721,0.0312925279097738,0.723030693332596,0.576750783126165,1,0,0,0,0,1,0
374.70395365788,199.489387584157,53.708250012811,5.22384356331291,14.3305388270438,57.3637994935151,170.866629293966,0.315465157167056,0.805127485207838,0.131116228967146,0.908876551222805,0.76463301095885,0.931776451396794,0.601160583550034,0.16510812737192,0.38031493711249,0.213156466752107,0,1,0,0,1,0,0
289.74208681171,211.374552066652,51.4206180518724,5.32962298212774,12.121160490651,57.3876112555745,141.064923453881,0.599581346373995,0.769247119032755,0.248425475973607,0.296257271250901,0.539501925027448,0.999948970214917,0.197539893766107,0.958601289146908,0.862197630185242,0.449234284810787,0,0,0,1,0,1,0
315.653385082545,267.779268520726,65.1999486076577,6.28598400708029,16.9327583624009,54.4153400904686,167.197301790771,0.430180857639054,0.536998891042829,0.276794901467499,0.409295312234762,0.158514850580399,0.269888820564385,0.0598463155508506,0.592791291548968,0.18297559358396,0.867423061801781,0,0,0,1,0,1,0
257.295213034914,198.732285450181,67.195893074162,3.49300160178573,13.003235797435,57.1458418668246,128.770782434234,0.909092757028563,0.978856981023056,0.123546684931909,0.0967112621920216,0.409526831518266,0.301768552165938,0.302207282736011,0.55141026915382,0.315904642828328,0.302596427300986,0,0,0,1,0,1,0
172.350509208296,171.321649985217,59.2950511147953,5.67646073236162,18.3769068148903,66.8528461415403,102.954636412758,0.187360901426323,0.396184559995321,0.463044381521291,0.656938961900144,0.0768729937523798,0.164988939238169,0.677212429113953,0.813543679283995,0.773677663770317,0.685972389925231,1,0,0,0,0,0,1
332.680929772018,189.620546729018,55.8222459139792,4.61799104442218,16.7677005330334,66.5774691192287,153.315215581963,0.697728401784959,0.601943698113112,0.916050908274991,0.0296008287422719,0.689300691155264,0.457684775929624,0.577863724261854,0.0397832980284448,0.335672253979396,0.438281232782801,1,0,0,0,0,1,0
343.221809942975,186.092120760617,29.0539692879386,4.77574106574836,20.151711157122,53.9108616196196,153.914045534104,0.970375327837217,0.0633690045488483,0.668782542992261,0.484905275199037,0.953706181963083,0.865843759835748,0.330724965494636,0.0138362511729748,0.668154602370015,0.0961552543014883,0,0,1,0,0,1,0
262.891748979678,214.444444213204,51.2372191423351,4.69775026954493,12.4852972305466,44.0051088099191,143.055872964419,0.17527551956309,0.409857449907339,0.0724739242488561,0.683191850252534,0.795252812224187,0.701505952124878,0.833478875843376,0.967494049701592,0.287797609272961,0.360634993651801,0,1,0,0,0,0,1
413.48773119938,153.776089566661,48.698930458063,4.62485288333872,13.719973356748,45.5233932083743,169.703917652589,0.201966428424203,0.722500087509922,0.00549481780916272,0.821237600949111,0.389786422787119,0.846331558076588,0.27626910801209,0.828570685572681,0.187104342433293,0.841280066348108,0,0,0,1,0,1,0
227.281716270062,201.89785982601,50.9395322938557,3.77380380821698,17.7135422181946,61.3202841727495,121.233150971248,0.693723338672228,0.238738840770699,0.276247667469254,0.149941389621662,0.584291496005494,0.22848165567358,0.260547638365683,0.747381781558269,0.300732563953154,0.973046242268228,0,1,0,0,0,1,0
302.287925865072,204.695196138961,59.4304608732252,5.1833391992576,16.6781784823085,46.9124144388177,148.252239047494,0.779153924524914,0.943827589073148,0.36269293479394,0.754090366248717,0.304200675846869,0.73045606740848,0.559947410789588,0.155700770144867,0.88699329703788,0.845081670616005,1,0,0,0,0,1,0
290.640807498708,206.965431086008,22.6032283281044,6.67094303278886,15.2017084466578,66.2122392893318,138.050766109119,0.490549054793933,0.686783367643289,0.776749669046776,0.71907702355503,0.541045599554965,0.91852662839606,0.478215639845776,0.47660392304326,0.460883128691712,0.162228390773551,0,1,0,0,0,0,1
376.638960717923,182.080517931039,44.3068794652982,4.94386697955124,23.3553092823017,54.6353976522824,159.72661922814,0.609686465147121,0.287575382857571,0.967005523930367,0.559570534119784,0.30072690578464,0.28141611421439,0.445972660600361,0.937293538565847,0.225415153738229,0.345509298449085,0,0,0,1,0,0,1
373.467938495014,192.86234810792,52.6990435494076,4.9986149572649,9.98537246165884,52.3848063488074,171.170286716371,0.212682408811829,0.768998922705856,0.387567173423544,0.584644597787864,0.73832475679861,0.690653543591185,0.155785618954067,0.933599595623955,0.321438589165044,0.83118815860675,0,1,0,0,1,0,0
307.747371284846,157.278172730524,45.3315445394724,4.31270096284334,22.0122284660794,33.2155582197789,154.669005626822,0.476614228567326,0.0831647718081091,0.686690029816861,0.0912707208567781,0.259341507987025,0.400657411689855,0.504646191632991,0.0092471069795288,0.00277095662568194,0.553895934395765,0,0,0,1,0,1,0
318.908125980109,185.200403499134,35.8309388687374,4.88252545358189,12.4083930906595,42.3829005834589,147.045300499692,0.112071880874915,0.974774422510457,0.994901907352963,0.60047104324038,0.964020390433894,0.290226645158923,0.259018917275444,0.752491409006157,0.755808287757029,0.776185797114408,1,0,0,0,0,0,1
255.610712618494,183.714155719498,58.689634868968,5.46616642603403,7.05105763958236,55.7485236173536,131.475931924493,0.321421925275665,0.0492852590735585,0.745666583875014,0.381522207070832,0.661948732173531,0.969623468754349,0.392179882619015,0.00623776644671037,0.225677452432802,0.77778326661679,0,0,1,0,0,1,0
200.960176588804,212.481501387843,52.7687190584613,4.62975755929566,15.8393225765631,38.9636352896355,113.672406242275,0.284779705030954,0.933455891148718,0.636189549085844,0.867580851341647,0.0687778476838438,0.348633229968293,0.733570447670606,0.984301727670557,0.597921040270502,0.0710879006301196,0,0,0,1,0,0,1
282.604392533692,165.314527045343,40.2889542955552,4.546195958948,10.3654543141816,52.9606642373206,130.082700747147,0.44462536010242,0.252853877748261,0.0780748541783043,0.31309888173599,0.0107777635056932,0.107849681260687,0.936862825559356,0.416967201995699,0.0251095381771431,0.342406565601023,0,0,1,0,0,0,1
307.817448455199,223.4359430513,53.1481720451582,5.40326454016325,10.6192077701912,42.2801382114536,161.345214142695,0.930126362243697,0.75782410769089,0.32321520119473,0.576595077363525,0.9970463442051,0.388589209620336,0.773862965189324,0.9735187579801,0.834498431973517,0.479021505452967,0,0,0,1,0,0,1
361.514534036386,244.834536334741,58.215857120498,4.08199523018095,24.3062611183593,55.249620090384,176.684350671955,0.181267662147842,7.36994331060892E-05,0.913392158457157,0.426571399701194,0.220505578215793,0.447678290959982,0.405633894623264,0.367746809030637,0.187444753636355,0.945224721580388,0,0,1,0,1,0,0
360.118992439221,137.900449249594,50.0529264629936,5.25249662707687,16.4803035129717,59.3131904221065,153.220025890818,0.401388246624721,0.2542400891796,0.201005481680906,0.876261938250313,0.312562748457178,0.752210825499238,0.593033139328764,0.293187290573421,0.00476837776426997,0.898228801016004,1,0,0,0,0,1,0
280.633659129602,212.787761923343,58.00564803431,5.82032179726142,15.5802342793385,31.7387921933461,138.021634208836,0.615597219109645,0.74910060664972,0.843590359273208,0.253916666989189,0.208414014202108,0.949914266947003,0.746497815875704,0.316291963834605,0.301187808365426,0.42303198293122,0,1,0,0,0,0,1
284.884862471233,220.307241050907,50.7826017516166,6.35994854167948,16.3431455750863,37.0901421875997,145.229012626022,0.946557086074002,0.532336070897322,0.696323685080505,0.0788023603094604,0.928101772471182,0.817056983794213,0.414221050095892,0.73067906663859,0.920487118837272,0.0956659274869151,0,0,0,1,0,1,0
247.572351746645,180.876889233433,46.0477101734565,4.90961799272305,12.1409676723163,64.5263303598265,123.793993445758,0.133148191535768,0.114952149637115,0.366324370830755,0.74865572098314,0.652012859668614,0.930941311255106,0.360248158812301,0.199672833930197,0.262614218044636,0.404542286880382,0,0,0,1,0,0,1
228.999103141051,188.081845570136,38.4057948360009,6.36759723980671,17.4282780059841,32.6941517933849,118.335721918491,0.917876616993114,0.393629745837275,0.529174269712657,0.412896616908321,0.504386323556111,0.475060129974931,0.135243295955863,0.864057691792651,0.503478838117911,0.535903332641281,0,0,0,1,0,1,0
214.686490468749,196.013582672391,49.1406923302839,6.03440988648152,8.8462189775759,48.681254082528,127.769535416362,0.0810537886340615,0.375549355084543,0.542806468752814,0.589098359126291,0.55765081449257,0.719316568236434,0.736260801475876,0.590572693626742,0.407229844357704,0.904397191399031,1,0,0,0,0,1,0
397.538769761589,191.066273617948,51.9429293804577,4.00378735962893,6.01144740835753,48.3324572371812,177.866510172678,0.480741397160264,0.56816224418095,0.714053785073886,0.0263893317133511,0.317872847299187,0.309049585012402,0.838508590807625,0.96991102594927,0.294249258332087,0.294879267141217,0,0,0,1,0,0,1
274.517390912417,190.729610928586,58.7583276158733,3.78206148840685,9.31464784155527,50.9245470826951,146.831950588569,0.454589867230483,0.667977072460218,0.516555941099196,0.952109791397402,0.614175002363841,0.0695871085190179,0.316584411029953,0.987084903486149,0.927353578601571,0.308864145668987,1,0,0,0,0,1,0
278.096284919441,149.719885810101,48.8489253151277,4.69503636214558,20.1915511409839,28.2876313190295,129.156591950978,0.209602728877196,0.84083024241225,0.133075990184166,0.877618377384976,0.419600363454932,0.365473525325994,0.783507765642535,0.185182001302145,0.788994908053727,0.627183234547841,0,0,1,0,1,0,0
237.360231997504,234.569946943494,54.5741560622099,6.02893549259485,9.99207545819248,63.8847399958725,138.875076088127,0.347459668115847,0.497231396977373,0.773454671521913,0.623867900577277,0.199228146424179,0.697915228328298,0.610213058336987,0.955782053576018,0.761913315373857,0.505191555071379,0,1,0,0,1,0,0
338.874517791595,232.388557761105,40.3538798626627,4.92771299244,8.16429508244618,57.7432510261607,159.1145743539,0.454165268348398,0.39202171730517,0.406272496906119,0.017029842112618,0.656605099709881,0.274622110248044,0.784083046403244,0.0465384863791837,0.52610712448124,0.195868959058807,0,0,1,0,0,1,0
219.305107622102,175.599072223874,42.1737084417248,4.39934244234221,16.621358192065,59.3929876237089,112.819230375269,0.865211462910629,0.143976534095382,0.963093890211927,0.377976473982877,0.373840569259212,0.861405895641521,0.411337383149664,0.0278637241231057,0.824861673729837,0.144727248842579,0,1,0,0,0,1,0
289.362985989302,156.007270165925,48.8961070097311,6.55224318004856,21.4842149512117,54.4292589563881,133.513793271312,0.95506414537356,0.804822964989722,0.283513782293034,0.978796537742149,0.785066379117162,0.790772849982902,0.747576363649607,0.943864577328552,0.458428658211254,0.489497209805347,0,1,0,0,0,0,1
255.226671940316,215.631946293583,39.4537153601499,5.28690448800335,21.5195372690354,42.8810568749563,138.584741242264,0.518925678637165,0.71337040541456,0.263078780296585,0.681330358740235,0.415394957509527,0.194042549184603,0.408509117897626,0.962396737449993,0.465189550471556,0.77939095640028,0,0,1,0,0,0,1
319.345124892963,182.726360905608,58.2024783732468,2.67940572420926,11.8522965723956,60.2840115818492,145.249174588953,0.870099790294422,0.408677397454685,0.333507395675183,0.160987861313419,0.508271375046196,0.330836762490807,0.0887579854194529,0.14724767267199,0.493774063413464,0.778831251556787,0,0,0,1,0,1,0
274.459743121556,204.258594899623,54.6313032931861,5.31716062629269,20.6254293946692,71.5536278890985,136.536573651597,0.608171585676779,0.518432309942669,0.572317015958626,0.460596748654501,0.787466479180896,0.825302617549092,0.550578918134944,0.442415815388998,0.236910225224571,0.975803687320591,0,0,0,1,0,1,0
240.968390793879,190.420147485647,52.7909576439245,5.52004061457087,20.1034391613665,44.0957021571171,130.71985515053,0.349087341987675,0.665182844411889,0.894869740200982,0.966737743843486,0.447878092919731,0.243937789511299,0.454328726388646,0.494092527988182,0.92365185938699,0.382718198157995,0,0,1,0,0,1,0
298.590888583067,220.746162532106,53.3890412521594,5.2256086544711,11.1546900027085,52.9938707107337,158.138926593611,0.194194207613469,0.164805589847538,0.176281640140015,0.534708174416593,0.966221135124165,0.331602145667131,0.252879887201577,0.860281236518305,0.258750674878549,0.391989326810261,1,0,0,0,0,1,0
321.416593526521,220.84247430968,70.210435614848,5.44971210023199,19.8274307476891,43.1087947930628,155.098420046583,0.413134771782765,0.0271977944079202,0.27967879759922,0.0246145280298246,0.793028667195112,0.343066932423087,0.892113334966769,0.627917243196169,0.198159499939465,0.00181949478052923,0,1,0,0,1,0,0
303.325861119158,178.232078646092,45.311358120332,4.93272439107702,24.5504318124705,44.6593152795647,148.921378445108,0.522824282923848,0.317503699186685,0.581679843147862,0.619772084275978,0.826430405314979,0.801042027825767,0.382853305536001,0.774566424201615,0.243751793331585,0.829917365195489,0,1,0,0,0,1,0
315.123594886989,158.499081338148,27.9855871449944,3.68160413035527,25.6306865474348,55.1222420298795,128.233885925155,0.0444433882595562,0.595585019636163,0.454334242161515,0.27121653093116,0.953920466703728,0.0370302656050168,0.0391261114322814,0.485096845431291,0.817352116565939,0.646628444068051,0,1,0,0,0,0,1
268.283895315952,152.511848079948,51.9930019689646,4.62929599677955,19.4175587876506,56.0578169178625,132.723989610004,0.145841165870851,0.486606091281459,0.447322887255725,0.0988459518769044,0.388850628843207,0.0737869831214143,0.38213574020259,0.648413702241828,0.768545637676362,0.769922118731891,0,1,0,0,1,0,0
281.862941700643,218.311381373216,49.4939645903833,4.05438420444371,11.6559708245799,24.2729083987316,147.163168652304,0.60018442398144,0.692554626863127,0.820734262096407,0.402908444731893,0.580080264182171,0.578451548162938,0.42450980790037,0.735409360025859,0.427106808456068,0.470623199944803,0,1,0,0,0,1,0
266.376977611202,164.334222266479,44.824809574896,4.06725908920562,19.5444634474896,63.9438989672665,133.035491565885,0.225001594677162,0.819689805574535,0.923878302511361,0.558523097432245,0.693591740795603,0.397111990996067,0.86163772319416,0.737881283917301,0.0137819046245825,0.920193488640865,0,0,0,1,0,0,1
282.022341922973,184.795509371039,40.2117014064123,3.73693165089772,24.0603140713432,47.7587358647951,142.158290107848,0.837326376081297,0.488442466730276,0.481306966069882,0.0170407180478027,0.673458483540631,0.632885319610708,0.799183208105043,0.00173782678467238,0.975735033250886,0.0291137978327144,1,0,0,0,1,0,0
259.342685897777,182.110578846485,45.6081047819785,5.45248909263965,13.7175979143567,46.2172853801071,127.338144360535,0.326942249774191,0.134267023717825,0.687351795447274,0.559046808635948,0.95293679456102,0.266461276179383,0.199966585907924,0.0999080737300606,0.132530977490363,0.115281182737888,0,1,0,0,0,1,0
213.685869883416,198.422981111914,51.8133842921782,5.09789614541263,15.7896599037496,45.6617575862618,120.737066885817,0.104834207253251,0.850627999798966,0.801058711027394,0.511203146839637,0.288348633878335,0.909582677481561,0.839029225958871,0.363660441104416,0.851422676592239,0.376017334971503,1,0,0,0,0,1,0
308.871307112688,141.911605824605,44.9718329935746,4.55183463731929,7.41211187263204,70.273654332525,131.740287439473,0.083530588555317,0.574990327274114,0.518366410387164,0.79390838309876,0.291361528625992,0.760941887174456,0.247927228253665,0.0611974471035418,0.781723086630752,0.0851059081135721,0,0,1,0,0,1,0
279.910953189587,205.663357903815,74.1245367954375,4.35066207226961,15.4367286949534,53.3435352928265,145.817501642906,0.93712302053178,0.739937480782871,0.294316408953735,0.423549816815397,0.918004402039147,0.067746220550396,0.341934148164293,0.382989702367717,0.938075781711365,0.0878878819650719,1,0,0,0,0,1,0
218.490082651698,215.716730715026,40.3949561836685,4.97657689497855,19.7209657767712,55.7139648360762,129.306054415674,0.118020311241879,0.704664653608292,0.638084597722284,0.553450429669886,0.79930564172656,0.783905477285034,0.0768184539774913,0.389566848472192,0.773398539085289,0.566872679350545,0,0,0,1,1,0,0
323.139112776289,202.65266261134,42.0688263729233,6.07919472811249,9.72086945946305,49.6310968938713,152.451131850364,0.14090976416206,0.968211771331242,0.585109100306059,0.742009304057126,0.203356624069598,0.969582372312251,0.0553563131343638,0.92023353727774,0.331371590827029,0.216122019569917,1,0,0,0,0,0,1
254.635081780838,190.673414849046,27.1137995998547,2.99578428450108,15.6383254973314,57.8209073357727,133.847899310627,0.862666057932753,0.295307322335814,0.90156281973961,0.897145871781945,0.570046878092768,0.942435620587473,0.680860120811137,0.567071854894691,0.231914043414169,0.626535210557129,1,0,0,0,0,1,0
302.597269789807,202.922004988063,52.5148441502154,5.37687652085089,0.191748354865211,42.2811130116217,155.302783141782,0.254288130277344,0.705306772779262,0.052407036769856,0.380034576023687,0.745763734096328,0.735483798025448,0.923341084521733,0.706351280533658,0.377690820406415,0.929399822145258,0,0,1,0,1,0,0
336.454528108877,211.971390369204,29.8359337220024,4.45428802598222,25.5514991892378,51.7709309483771,152.435355992463,0.665951410754416,0.365676333125918,0.910131387133467,0.601633495783146,0.353036390447509,0.123593753481216,0.493016854237829,0.887198682086228,0.203087170516675,0.823882209703129,0,1,0,0,1,0,0
306.449145537871,116.8222173072,44.605453666255,3.11541415502055,17.9033501977215,60.5623998102076,121.797372987133,0.816725687029891,0.395410720918642,0.53443202816536,0.694610903416382,0.43438225122139,0.576076765840454,0.844093711958583,0.442129320649317,0.719574747744951,0.248430387553808,1,0,0,0,0,0,1
356.970034227165,258.677369247521,47.2432946543944,3.05429691683604,11.3250396038938,72.6935955805211,178.320968634311,0.607180640130192,0.230594636658721,0.0156761160499139,0.0432706764421962,0.575396611660893,0.284232728840489,0.793751249692653,0.0019621445973822,0.826518632494111,0.089662926111323,0,0,0,1,1,0,0
238.258708982317,211.702799680638,42.9027203415311,4.08721650586471,13.5706778483167,39.6712112064052,128.859451548422,0.957488543447849,0.344010175650854,0.344702178767788,0.800760508486135,0.467108557548211,0.970212943636247,0.664678723381329,0.285336024625414,0.646438892397248,0.95019246821592,0,0,1,0,1,0,0
320.117082058877,180.427742528389,67.3887267745451,5.21950955579305,10.3672913686189,66.0430270237801,153.480042644382,0.708882899260841,0.948296751658263,0.72433356387532,0.377430185215394,0.753042390069033,0.717485725361609,0.978228931117778,0.814158700037487,0.186092731309102,0.994495931373325,1,0,0,0,0,0,1
265.759495452984,188.271398744372,59.943943913155,5.39306293398009,12.4645849520456,29.307366449503,128.365059960888,0.112751509903658,0.292570846947601,0.488433087935833,0.67023894144361,0.00593875368306973,0.610765589787419,0.802187920876386,0.901841169800075,0.0373847110286457,0.374494899465179,1,0,0,0,1,0,0
256.460142540906,214.812253320476,63.1913687630158,4.06101842732222,5.61151142996596,32.1600564716436,135.128632299515,0.55841002654588,0.245990605956587,0.980159037440992,0.471664066204949,0.43463252439105,0.695088042604726,0.274844394214261,0.351509581118221,0.580401266856964,0.460677261142561,0,0,1,0,1,0,0
271.057516761779,196.516881828969,41.1758118145008,6.01702099141324,17.8960913821323,35.1111294107025,130.117669116936,0.718186526089184,0.583137978473822,0.422610073831049,0.702339142691707,0.337581375328872,0.43797912910968,0.789014246221108,0.293991252979048,0.462673105079614,0.145333661330067,0,0,0,1,0,0,1
284.422373393631,139.079465966555,61.2859406451457,6.42298349651611,22.3017547310068,44.2455503453244,133.754727682592,0.801957240373445,0.258035956741755,0.326635229626008,0.724330979235779,0.609164052829827,0.372736751437607,0.692661646283904,0.924505211068733,0.199703928199032,0.710180792777681,0,0,0,1,1,0,0
302.808267111487,261.93478584078,54.9600094634396,5.39608658495656,22.4651073524472,52.7609351966834,154.968314614667,0.0263213352840915,0.473385725594295,0.821671934429568,0.191571013486467,0.77595844188136,0.935799579439964,0.399520446636352,0.35107373598278,0.368083902220291,0.421833606852841,0,0,0,1,0,0,1
241.742507960832,196.683780283026,57.7140594867685,4.40859733219189,11.2116848270569,52.5916227772334,135.549095472735,0.718878915271424,0.834176256556237,0.547906699358031,0.662174234286451,0.0761451622015302,0.331927134792687,0.076797470227115,0.652245188076658,0.541466255608953,0.803015145254409,1,0,0,0,0,1,0
345.041324347709,230.605181351474,60.2943882878277,6.12441918451037,20.386898802012,47.5392912294154,166.026669205257,0.825680821019449,0.230400314307176,0.682326579062559,0.851323437882087,0.158059733601192,0.0414361317327193,0.2143595296181,0.280309235050563,0.63291711227658,0.57729671142457,1,0,0,0,0,1,0
323.283121986523,179.238504566468,40.9123675404095,5.75539569566334,9.07051807002848,42.4492804141505,146.470765793838,0.746833810935356,0.42669141218392,0.805702338038678,0.235567200504975,0.665081624142033,0.400840154154457,0.797237891643355,0.0979187987907415,0.476643777542818,0.0427838091666337,0,0,0,1,0,1,0
223.187815686139,246.091311627374,45.756823790221,5.86740741135492,12.3311174932011,59.3656551838556,131.17864275887,0.512349145655598,0.610489735020032,0.67142754612562,0.758183469893878,0.738402441015417,0.790340352621672,0.248485288136049,0.501236311786013,0.971392821735408,0.334954540503597,0,1,0,0,0,1,0
374.41260968978,208.590310666768,58.6259601132845,4.34353632502847,16.3818270765267,56.6641827024318,177.378456828741,0.458020963088803,0.545628924573485,0.422407494768665,0.633825113155224,0.588201777078835,0.648468358048919,0.997857983023348,0.923231837118168,0.046226400470856,0.808596170670154,0,0,0,1,1,0,0
394.794458801529,218.265315034264,23.4438090702507,2.1654454947253,14.9637842450976,48.0801611090995,182.339436551318,0.549418583299816,0.974723237415237,0.124796447894301,0.955126034472564,0.982803348967926,0.962170775477875,0.693988139988545,0.618640753927305,0.658207913026898,0.688113881383927,0,0,1,0,0,1,0
358.938978557983,168.642399015591,65.1332808257321,7.11679102148368,7.95581928987025,54.2336760828905,159.627107765083,0.704643698826602,0.680370254395195,0.580248166571301,0.260246577291761,0.499461489106575,0.106201867619138,0.477222480717608,0.208826624783734,0.909557901787826,0.632531947378916,1,0,0,0,0,0,1
291.003758209382,236.334358690481,55.5313206420758,3.38912159655007,15.8733297777207,61.7768212961035,148.281012952653,0.922914290632485,0.73994624204844,0.89743332672926,0.154277777658004,0.136292335097644,0.911546302229383,0.570436690211927,0.682429573367613,0.236564211113225,0.672504642316078,0,0,1,0,0,0,1
246.462368924473,220.694544936044,49.5429603933976,4.96423192813978,20.6975811931149,68.4867082631567,139.255215455744,0.617035210641125,0.966955947966733,0.418892426518415,0.3121210152817,0.68629106037108,0.368849193914062,0.610872723541436,0.768361144097633,0.213707188069138,0.605036875623598,0,0,1,0,0,0,1
352.722586346557,239.05538688695,52.2050765575717,7.38074535121975,21.860226054579,42.6383757717277,165.600778804766,0.88783430628347,0.414438025228521,0.910725234842841,0.257958778197919,0.602075522194798,0.474002585421912,0.968944820032623,0.320760561914959,0.762232807482582,0.641124326587574,0,1,0,0,0,0,1
279.841152651341,181.157373210753,39.7006471669102,5.33057675627437,13.2194959126668,52.8052629295746,135.911693929059,0.701256847445727,0.355379815061051,0.503527819782402,0.756832760473513,0.590421475030263,0.428482154489234,0.161741194631519,0.559209401431039,0.486373794105236,0.620421104640871,0,1,0,0,0,1,0
361.122253519121,185.569186446176,46.500566354109,5.94924647355824,12.2010034307456,52.6127101444483,156.963990037129,0.0683363774388476,0.0438624297663826,0.620841562442477,0.733109303846798,0.545853635246398,0.116452281092441,0.272395802660755,0.681953131467323,0.992177506697882,0.533427939504658,0,0,0,1,0,0,1
310.413748903843,269.117500930518,61.0028433822037,3.49760343061829,13.6683755752665,39.406285336217,161.042184221795,0.500828190001622,0.184204306518827,0.832988476055643,0.669684900855334,0.939095709549539,0.247796455725189,0.709591047971244,0.160353145380488,0.589123620491712,0.757747125427413,0,1,0,0,0,1,0
348.831951824186,168.199525318354,62.9802197232622,3.22233304526629,13.4038830794188,44.5237314057364,154.806561324672,0.286486348315242,0.237189632051676,0.564597109640722,0.216379114458488,0.129156396826558,0.742271569229792,0.239857983143566,0.964100939772462,0.923441933487993,0.369492563521232,1,0,0,0,0,0,1
317.81831985872,195.92150897965,76.9622405256358,4.46729720802045,13.5099494815183,56.1064255118153,152.495047074572,0.285174928132572,0.183504467071339,0.0909693392955635,0.86180680743909,0.0731972985249784,0.0230075418456952,0.87129716220205,0.451251961449842,0.0122105196634219,0.475238338640502,1,0,0,0,0,0,1
335.328658409597,234.106740878081,49.2607533371959,6.0907497344345,15.6134411987755,56.9171342102027,168.446806969942,0.355927551215984,0.754783893196565,0.980979400800395,0.956571555858928,0.15411716937732,0.133887774386275,0.346534175658119,0.979664390472066,0.154539620475705,0.40144955691969,1,0,0,0,0,1,0
300.525001036041,202.931749031446,43.41447033195,4.65375055235269,9.23932787596307,53.6929737971218,146.542437389133,0.314732772000476,0.535882981276112,0.245849301912834,0.531605818108644,0.24499020990495,0.0252101687913501,0.180839399915819,0.189573865844495,0.68441904475159,0.209210491121927,1,0,0,0,0,1,0
389.293524695292,217.488610392599,44.8576603406001,4.2053636789285,9.74858095494488,50.1287234804577,182.978009088054,0.5786099801171,0.667633801458467,0.710505328630199,0.649372730629386,0.592946319436469,0.857388057323549,0.0476207608498185,0.483773546309644,0.416466369897446,0.321888962499884,1,0,0,0,1,0,0
306.345604635181,188.016529122114,39.8195812471263,5.19796728994497,19.2640541542255,43.4400189843984,138.460674721135,0.683601500353557,0.820462160839374,0.505113438617739,0.500692099020562,0.612425249096734,0.61732482778178,0.59559504031795,0.165853653675838,0.83596456942898,0.0550150776099007,0,0,0,1,1,0,0
320.099468172235,211.101676635426,49.2214524405915,6.08193521847727,10.8312635319742,53.2968604186283,156.034829915552,0.268749387076735,0.230773941285895,0.478772636817708,0.283557715102604,0.232601877457084,0.169928662118559,0.825282189554552,0.0101808223839387,0.428898092556518,0.325527633922611,1,0,0,0,1,0,0
394.157534852813,160.804194447941,53.8273243001227,3.55505980092663,15.0275676759248,30.6389461058672,165.150636343071,0.129762622568381,0.325923939821499,0.243940818866891,0.286147603996604,0.489225499310937,0.768772223053754,0.273793111148791,0.237875172575203,0.712996696354986,0.390583092933129,0,0,0,1,0,0,1
232.612046942878,249.743920388546,49.6575771946805,3.78945700587665,15.404066209757,65.982035365388,134.194869936048,0.0588087209344621,0.708360267036597,0.722150765700104,0.313420522734913,0.482061852767735,0.966800597451554,0.91753948625882,0.403187337068083,0.566160017033458,0.0933840976488238,0,0,1,0,0,0,1
236.475750075713,196.455078646143,60.963468456658,4.21133074549063,14.3125959153871,54.9353061635228,138.204395698136,0.575752845030552,0.392758945904473,0.112788264830987,0.190850004164154,0.453110766285225,0.934560374530018,0.757734270118005,0.431130737724236,0.119903567328623,0.220455129712097,0,0,1,0,0,0,1
348.469835407901,179.594653880094,47.6578419865546,6.09463837471209,17.9533522955603,52.8142217464977,156.217063744639,0.186130166333002,0.0292709401010441,0.990453309361485,0.901923632629318,0.803545294912658,0.921547547812165,0.0613006824987847,0.886505155104205,0.717951206707032,0.249541747442841,0,1,0,0,1,0,0
241.343829744292,219.991492460957,46.5254934750144,5.23482152594873,13.9552973071457,55.5740887113298,139.726475060384,0.00924799422369937,0.434955219026878,0.845373537107204,0.858398134046686,0.471693069875632,0.00781021540574323,0.57263299667475,0.635677263880842,0.706371801347698,0.227470208208689,1,0,0,0,1,0,0
397.181059282465,186.178406378343,44.1873152313968,7.13215341057044,10.4958110750005,54.3017767023213,171.827430736005,0.927753079323704,0.908273086415414,0.534508940005792,0.461639361318837,0.758365495956166,0.589013488985279,0.567440940325266,0.43444165521853,0.115718151213215,0.350221701523949,0,0,1,0,1,0,0
279.319050962013,159.972245857917,33.673654737655,5.93644572583112,14.6939460789698,23.8540314333581,127.216805229395,0.537140419083241,0.409021511592875,0.42455295605801,0.36725141256017,0.166481131804798,0.256632616639029,0.20237230493598,0.987997699609813,0.561911457807729,0.144876105069974,0,0,0,1,0,0,1
262.627259427962,159.598474826073,34.3223227569155,4.96490482313033,5.53609321342589,54.8010578598032,122.604506558896,0.0924481802469728,0.332248916442747,0.286464632459868,0.939078356547098,0.531967344073168,0.564647214309859,0.334544378665721,0.614224331626686,0.335650017548718,0.731501356844449,0,0,0,1,0,1,0
396.147101324019,220.813194580704,38.2084206936231,6.26507783808877,12.4430520535001,42.5121361457753,175.190696475082,0.842921112127485,0.989525082945027,0.501591470940767,0.22237346923281,0.824104776063196,0.318030289160555,0.458278893583762,0.322662964984972,0.458849782045776,0.342654855317753,0,0,0,1,1,0,0
374.025739571721,195.212796855612,63.0142807166476,5.21149701273188,25.3094933646351,39.5260019486254,169.164314709637,0.983202738290118,0.644415564237013,0.879417462024168,0.553541959466802,0.177716583916258,0.153666542772613,0.0480778212374184,0.691310881210795,0.422758693030776,0.122365234021698,0,1,0,0,0,1,0
393.377948021328,195.988953209947,58.9526027288993,4.29507864749256,14.514751590493,48.8494764252337,173.506309314592,0.448600662017717,0.365998026471181,0.275006400700684,0.0544981555421626,0.464922168697662,0.444493723358347,0.149776409285888,0.495699922683005,0.104774404249189,0.593599781326783,0,0,0,1,0,0,1
345.302232913769,232.332314179288,63.7496406639299,5.6799748442451,24.5015486318905,52.489947639686,172.974147997928,0.0424896082381582,0.102019531363807,0.500537458803136,0.191202197017449,0.609079316035717,0.495096327176373,0.164004389110559,0.881167694068172,0.15802298629128,0.179648175117423,0,1,0,0,1,0,0
256.938715747265,166.195225737298,36.677883454055,4.30367334613892,13.6058396463612,47.802160641062,117.414522418789,0.117545940756064,0.787849444946421,0.234549902067031,0.60402693335951,0.184774574837287,0.989765506847625,0.379235754456391,0.896511262063321,0.0868086161436502,0.0580563206776937,0,0,0,1,0,0,1
395.503247654952,178.079667414055,30.3137531021398,4.70960289919613,10.0140278484668,52.1973193206575,156.514745512746,0.381653746645432,0.708074933487758,0.337149113664951,0.66218365284417,0.756765605911403,0.0423878841385401,0.74735745867658,0.36735040012117,0.192447013603362,0.163292142024743,0,1,0,0,0,1,0
286.599831452431,188.453605724562,43.3994367986592,6.32778269595798,9.76366477886159,43.4491612530482,133.561574339987,0.885522637448877,0.921915799248565,0.190260508923332,0.58099581867324,0.0789962477963174,0.301155198897277,0.831303659097259,0.562339050860144,0.852444386497746,0.419994812049142,0,1,0,0,0,0,1
340.12281978982,202.830547679512,51.7581895329603,4.8987185137826,19.9755599101297,42.0808248953383,168.757536352622,0.148038679277762,0.217275630028008,0.990539193921188,0.86960141599929,0.946415508907719,0.851893845088323,0.162849046017039,0.265773444046305,0.0245226492629329,0.693508971927436,0,0,1,0,0,0,1
347.362598388687,198.734856461283,54.9869027490983,4.19685861265837,19.1518688082012,47.8009014365146,158.874763919891,0.823990094002695,0.114924349988232,0.571497446462456,0.993405220822747,0.468221494218136,0.659695498126043,0.75190603600677,0.62663675174255,0.431617250286856,0.64150088477126,0,0,1,0,1,0,0
292.249495345458,191.393384228303,60.4797215596805,4.53566230856451,22.5293063980013,52.8813690308762,147.18257220699,0.0149762602190194,0.724072526409064,0.732815124036695,0.763861842152911,0.336123086365476,0.826683031845896,0.670709958388169,0.992346962319675,0.800936388703091,0.00520597935982514,0,0,0,1,0,1,0
330.703968517304,198.151207937131,52.8427967080721,6.02179058558867,17.5683278354959,55.6609393807645,165.057511808782,0.457388698785811,0.203395841998696,0.0982499134520367,0.465091784143759,0.11680700716264,0.660290918559778,0.890687391913878,0.832588517822184,0.10025820452739,0.793290652514086,0,0,1,0,1,0,0
346.110333578326,196.780841711265,67.4266878065563,4.44745932658327,17.238170563657,55.4675614344357,162.196211749639,0.644397140950568,0.176103837789496,0.366117550074316,0.833934669454103,0.432596643067865,0.759536309146133,0.968791253945172,0.366409900302825,0.227713590158965,0.335687778462494,0,1,0,0,0,0,1
318.821276557781,178.411868343446,47.7739431905168,4.61312915314935,20.1948627876932,57.0638055147448,136.03926196466,0.0603794820255964,0.319807335396072,0.892639803047321,0.120387394166002,0.659804029390772,0.492921749997057,0.124460608809941,0.0953803519934925,0.727439707558287,0.67971569095557,0,1,0,0,0,0,1
245.02996047079,175.610210343378,40.869207819582,4.48970726036637,14.7745779557612,41.7780963496002,125.057191294686,0.614762750616487,0.816825141478438,0.0844383264239479,0.68327069644593,0.0944872791423841,0.204877692897597,0.0806738614208167,0.966681987373514,0.647552432593353,0.0326731717069328,1,0,0,0,0,1,0
314.911908710303,208.235490731718,33.1878178450557,5.18392549434031,13.9099424789115,43.7339937571545,151.063588906183,0.944404121469556,0.539536605109631,0.165483228339613,0.518337787453434,0.306269095167749,0.8100038608372,0.799730128952009,0.38958477867772,0.563023836715166,0.393788243372311,1,0,0,0,0,0,1
366.319294834352,173.272547510134,41.1102864190455,4.61451023962439,16.9869680503962,41.085051097968,152.439110542957,0.160259920136595,0.045850355102281,0.625417610351169,0.178065886255718,0.836017582772711,0.567820654663969,0.162170873085858,0.293380893266815,0.171640816628181,0.019610501319103,0,1,0,0,1,0,0
265.271607013432,165.279342224274,52.4211796098512,3.39816395102746,17.9458663400111,46.344221312494,121.327674687032,0.729611383035353,0.463894674659317,0.622788994104225,0.972933617280214,0.646181025598327,0.13950519378683,0.194574524257207,0.316335392905568,0.794531011965866,0.816345535145115,0,0,1,0,0,1,0
292.518272983616,190.631232466229,41.1127974264637,4.11281905815496,26.917465842805,46.2777064046533,140.039321807934,0.609093897943543,0.683979611366475,0.83822704445393,0.338437419778747,0.206373011857624,0.804894026870866,0.882035922525827,0.489923366638847,0.141414111881296,0.186967180516164,0,1,0,0,0,0,1
278.242322413918,195.269989515086,59.3674246353526,4.06721095849356,18.5839734336337,40.0806438888976,138.187999300709,0.185116388879231,0.538368438469016,0.935492763871421,0.615423405963383,0.160909795793089,0.958585910362578,0.938964897102525,0.956751398749001,0.134797894723064,0.674547907519092,0,0,0,1,1,0,0
392.463186423967,267.701704918946,64.1232770603744,6.24331938445516,15.3107336813964,49.5312044476251,195.93354981101,0.00620341470936603,0.572450218156556,0.141986475425264,0.878594237524952,0.9044850262009,0.346163872628466,0.318471243922974,0.986622321333491,0.795035044303354,0.277066162726111,1,0,0,0,1,0,0
333.614737850622,178.858991724313,26.304130947734,5.81267404210904,14.529200378077,42.567810104494,146.149568217544,0.00928445050592708,0.224777328392665,0.259373818526999,0.506688843914821,0.287020221340984,0.293512252086443,0.842168100437994,0.296126727352396,0.369223327884075,0.135351114337648,1,0,0,0,0,1,0
320.373091812056,228.297821749085,58.6405230049765,5.58725937939983,19.5866393634124,31.9473132112333,169.835119680534,0.532092409172029,0.847739331595348,0.427461405693256,0.115137850176432,0.17950016889863,0.0817751782075661,0.858856909563651,0.351468707747485,0.312617115923347,0.930295339046577,0,0,1,0,0,0,1
261.504196277734,222.415650026139,27.6039594133826,4.49464168273559,17.7704728004352,49.2990598645545,136.021023032844,0.942779409561194,0.561398717591124,0.00090328552124963,0.81873908434729,0.999964018542602,0.664491226449416,0.605390480502036,0.511806560066037,0.278672051310236,0.595024615786622,0,1,0,0,1,0,0
326.962459564591,164.331651343888,54.0149905509029,4.18420845800603,18.2689294094734,47.0155569287701,149.592670574946,0.644298627465612,0.713246013040677,0.0698143029596949,0.3532137670588,0.309191827777906,0.958961618496497,0.566088448063145,0.00818728862973594,0.324972106367601,0.890631047298893,1,0,0,0,0,1,0
266.283366967131,223.197589322078,62.2487056419366,4.49248239834264,9.13020539106083,49.8555569771923,140.918638005406,0.714299846293744,0.981864217013302,0.226491277941022,0.983066868891839,0.124740187809364,0.135992689991608,0.57583840924561,0.174836563244109,0.340587599707605,0.306599401650639,0,0,1,0,1,0,0
301.591527913718,164.4835807942,50.6485610634358,3.94811989744833,20.7958010529787,40.8702847345068,138.230250634915,0.493865486920537,0.428198657674532,0.481101964015812,0.883825446444558,0.461757629752947,0.485159631319316,0.301289187642723,0.936059020504806,0.69636769360654,0.829835333678394,1,0,0,0,0,0,1
268.207696081056,120.224832860098,37.2031082679576,7.49720039158701,17.9538708135452,54.2673983799813,109.34777717627,0.58188894263457,0.881066612676509,0.251522738168613,0.853449333348957,0.434345110198482,0.0982381846532478,0.618867038938991,0.0294352370613612,0.240262201151272,0.941682333406282,0,0,1,0,1,0,0
333.821664747325,218.189585730781,44.1456879572223,2.7546783516286,9.77259607254474,54.3654455727017,160.498493195726,0.126367525330603,0.00728101394112501,0.876681892223048,0.356253177537899,0.926802475830331,0.0341099037098158,0.24358027110857,0.100976279720544,0.325326453473905,0.395183826786788,1,0,0,0,0,0,1
328.829540830747,147.323282496868,47.383545542891,5.56400853507381,10.9671760556884,51.7993220051415,140.791108158871,0.876820620400631,0.0334072926151201,0.324272875542011,0.757129777809066,0.134204947476305,0.664501050667645,0.177632290075609,0.420647017033719,0.776211508470066,0.904131051198447,0,0,0,1,1,0,0
289.5850622211,213.528033854177,48.1775521621006,3.71544770200747,25.0810670872067,42.5424781144457,139.536476497391,0.760792628666802,0.590279921728817,0.924622812142629,0.986329063001589,0.0911364061293068,0.867687175343498,0.412950454424006,0.731450249159012,0.913150573313712,0.33508574267911,1,0,0,0,0,0,1
319.800335633082,179.479673067884,47.9710315923333,4.89565650850531,13.4892408886676,45.02800342349,151.810881970306,0.998198952844609,0.311449395542201,0.97478726073471,0.526321611951331,0.0929786709066801,0.33757053612603,0.705780422984435,0.268878230390349,0.612835970228432,0.324599999127291,0,1,0,0,1,0,0
245.346924563475,249.786523885696,48.9011722069069,4.01199805750627,18.3687591805856,56.3488092596833,131.655660162231,0.297722947555621,0.2482765670197,0.449861533907579,0.470732154955232,0.904287465822236,0.875765174410099,0.621427687351464,0.305965590553891,0.105118229462807,0.995732672195096,0,0,1,0,1,0,0
225.43712036472,232.05528197948,52.1348004891017,3.82237103751737,23.3413221135016,54.1019917459312,129.18979634307,0.227017771796058,0.277935357208959,0.227128816899324,0.0146658209720708,0.449369177961077,0.117053099151032,0.964882079339703,0.305472980124387,0.541584660708623,0.952410448177352,0,0,1,0,0,1,0
321.969585063227,186.398425884458,37.9142634626678,3.85980369906504,0.418075486123527,52.7495353600383,148.729919855259,0.125161657961343,0.318402934610588,0.291666133423003,0.700203768734936,0.150606528155226,0.237960681917476,0.646455911365722,0.872601926753606,0.627778874224406,0.228618345971475,1,0,0,0,0,0,1
308.333674768626,179.36487166914,47.5798017012978,6.75498615374206,17.1583183466644,48.9816115618697,142.899763563996,0.964209756616045,0.728947696143423,0.776333681659446,0.858477568601854,0.593830098379291,0.901606726906718,0.14131404979592,0.226097606227418,0.314052697006947,0.837202027037145,0,1,0,0,1,0,0
331.751571844605,163.577677907176,65.1826117035571,4.86701157769041,11.3547485375371,50.7938734793792,147.641003812331,0.780885184628024,0.569195972230945,0.273349707792591,0.24745718608183,0.537623355650832,0.50850989369067,0.161218213292518,0.56240182601319,0.828000372926897,0.342457877640902,1,0,0,0,0,1,0
419.157238743197,186.772321031222,46.1535457685748,4.23429780552191,15.5754971330573,57.363344350343,177.08539458677,0.166324613719639,0.789035972559333,0.380582867920285,0.315024577114657,0.198406747748899,0.608192383797024,0.0930671400778321,0.999931147018816,0.782078810757178,0.979243373978027,1,0,0,0,1,0,0
347.223974349521,191.589335144465,45.561639068448,5.55578696408287,16.5717035165774,35.4535128949915,155.538535764948,0.552686471108214,0.830196579835052,0.47857585848185,0.500677021326156,0.603038139426371,0.0380182325425079,0.191173764997013,0.728465494893018,0.57530670672029,0.849817628760063,1,0,0,0,0,1,0
254.358888727792,189.059193668249,60.7819730371424,5.0103493145663,15.1816273776688,65.1464185952556,128.171632566498,0.413768208067277,0.842934859301282,0.575111116469984,0.0720801573615169,0.340231234316946,0.128389910147889,0.597950900679121,0.336350655296926,0.145015589427112,0.904919301312538,0,0,0,1,1,0,0
355.850814404793,204.701115658171,24.408153336559,5.72003375934165,17.6770419697001,41.3825646794045,156.910888950762,0.151486007806193,0.414644149174888,0.996100440301238,0.089642476098737,0.23837076773087,0.0557908125008532,0.838286475014815,0.765458970332409,0.697381465684092,0.573673511489558,0,0,1,0,0,1,0
234.204629474424,217.355644931866,61.8137860128829,3.17574334406217,12.499551549761,40.1514071871362,129.393685641814,0.162072985029965,0.421273396316411,0.232209755163592,0.421110758888081,0.510400610899028,0.905000739949669,0.893867652067457,0.953915707385609,0.895348663841522,0.29415135232118,0,1,0,0,0,0,1
276.920769759265,210.489633709795,43.6809624199483,5.303603904462,21.0142585597865,45.8127565189357,139.637526192715,0.963469994745186,0.926265880140584,0.353423703248169,0.261218952703422,0.291649261516388,0.134794963870947,0.400043886685048,0.373537807152584,0.250101109773236,0.19752500637671,0,0,0,1,1,0,0
296.587919733768,177.075682282807,51.6392857245259,5.77269483710238,8.70931792609696,57.1136579429603,136.514454422737,0.304964182957722,0.66176359460441,0.262891177010511,0.406037302532768,0.222139921761213,0.849672826608754,0.558583028587232,0.708011240069331,0.958685895684008,0.527871920546133,0,0,0,1,0,0,1
385.667136082468,156.866255785953,50.963213559212,3.33840170888544,7.44589253660821,46.5329784302133,152.846755003603,0.941439291683943,0.0804671839791388,0.36111343664371,0.454386298099938,0.879722408299674,0.351034699372453,0.809199592150813,0.0758042631193892,0.771302397030284,0.671515725232982,1,0,0,0,0,0,1
262.762258897578,240.935955443074,59.4246811922039,5.44819528442331,8.82971819960853,43.1243480786446,143.174591521232,0.0756106730650844,0.542186954092468,0.100804516894621,0.976273396739118,0.155762576573417,0.80059749636578,0.312070521195169,0.895296836754142,0.300321574779112,0.741788635123701,1,0,0,0,0,1,0
258.678073067049,179.316524463502,47.3240525376465,6.69618157282816,21.9304566967076,58.7509250520627,122.640345739384,0.460803042293191,0.356007259634907,0.359809767241047,0.944259820102837,0.280589977284832,0.365043547456747,0.595669004438695,0.096256724624312,0.616821124111582,0.170383212562963,1,0,0,0,0,0,1
295.077373778728,180.431192001949,43.2197421843555,4.9851422966453,13.527874454848,43.8249494383545,134.048479163542,0.12961904851676,0.987434989716363,0.887865031464388,0.139730151539766,0.386138379849826,0.267684039692876,0.174082511053666,0.372925096261595,0.307847932080694,0.535887992571062,0,0,1,0,0,1,0
266.826085681895,184.364320630967,62.978457906511,5.82140593702481,7.46712177171317,52.4647394269483,137.23406149631,0.00478738524117217,0.0136554064622926,0.298589847846449,0.882585973732246,0.273638310300023,0.0936607011890572,0.476540340518095,0.542505842862236,0.0994678760938941,0.436109820095218,1,0,0,0,0,1,0
356.331796105325,144.707913495301,26.3582618285882,5.67057045031091,12.6632435871416,52.30256316467,143.016300294129,0.553766073706077,0.612180873070558,0.371934779849069,0.0802066623300786,0.21071064257777,0.280706590574134,0.173072260363468,0.263577642450219,0.824148669620685,0.208224210977812,0,0,0,1,0,1,0
246.003424581829,185.660779878785,50.2033418170524,4.29249430248942,17.8308138859137,61.8053116796739,125.253413202074,0.113894104811363,0.723623094398858,0.944474164437935,0.507635469717754,0.771146097054588,0.47147971671728,0.462426390299146,0.649269325987178,0.665807034509032,0.552962317358824,0,0,1,0,0,1,0
242.626567379445,185.610325579762,36.5207457737088,5.0397667345865,18.8933344034565,73.1950889319103,117.304733033761,0.72202453093368,0.288906771357355,0.728378996326868,0.163909900109765,0.329016158723581,0.817508798896795,0.39681969176758,0.554428727392411,0.614000651280722,0.275913721806457,0,0,0,1,0,1,0
278.108997762778,218.610748950305,42.3842661174344,3.4330052891384,14.9451300833273,45.5851339917672,141.925371208251,0.6981163757069,0.973641518256532,0.516738714818048,0.365892145356934,0.112512957699338,0.452514954768698,0.433264823500493,0.717185240298106,0.142172880713233,0.53505455710955,0,0,1,0,1,0,0
275.098377465385,220.95371447322,70.1125668146314,4.54869696289747,20.3794228146027,27.050582645036,159.014233486759,0.176332907464489,0.859536627021711,0.777192728403441,0.743340225648665,0.540895162456696,0.971435574937618,0.243712226106518,0.354139365122161,0.377377113169797,0.200109344900877,0,0,1,0,1,0,0
396.476602690849,200.113126672588,49.5540457354414,5.26568797496624,18.017718621598,71.5445714284468,178.6287267516,0.941742143265517,0.915652840985812,0.123179648854504,0.42450547935685,0.12548849723641,0.541633010854823,0.136043342378506,0.546013889652673,0.876636080004911,0.899942536915805,0,0,1,0,0,0,1
347.471040346288,227.955451223429,51.9506969715138,5.7231004937378,16.8403371486902,43.208252333505,170.20276508038,0.72104340843249,0.0192320593515485,0.464490353220842,0.806951287571334,0.357519607440928,0.0249456298114434,0.275665327919886,0.812185400181229,0.163304460776906,0.338102824919591,0,0,0,1,1,0,0
304.37756206926,210.198949514038,32.1843714429441,5.02461212524791,15.1953228908382,55.4758417309052,151.688247871031,0.29797026415693,0.569872151314809,0.118236128735866,0.718815711037542,0.881826762272284,0.415367300191272,0.239580039243909,0.810696346001456,0.0479028869971185,0.610334602657793,0,0,1,0,0,1,0
238.728224058492,199.529536651923,42.709553412053,5.71998373014317,12.2807251110514,47.4390358849252,125.157310675335,0.709233763950791,0.294650241954547,0.23361814501958,0.942839446211016,0.36916119510622,0.688899107386514,0.73429620258445,0.714239974851882,0.191151476890175,0.121932987419896,0,0,0,1,0,1,0
342.218148820077,204.827845048947,51.9655740072879,3.89709378704463,15.5304784474184,37.6445226709137,163.93551656347,0.731930277681536,0.849028634935663,0.141867259740259,0.534156020585877,0.63250897428825,0.234291646249825,0.716975072981546,0.541935889614979,0.250180007174864,0.630017192528467,0,1,0,0,1,0,0
249.989232630522,194.280395192558,53.5475769311322,4.89830272544513,12.9677508070561,44.8218322530413,131.748253845131,0.342226331250961,0.632849656914962,0.361801239169139,0.802147953987795,0.514625536008631,0.698629950848159,0.584482993764272,0.673261100774495,0.783642523765883,0.272040339291408,0,0,0,1,0,0,1
222.761445161119,188.154514578997,56.1688655439328,5.01927938451308,8.55457732605036,47.8204958990299,114.33490449977,0.375588562461459,0.53887700432111,0.381639320395926,0.322907106337052,0.137724845777976,0.503697305181516,0.0913337981687752,0.0868802901120508,0.648141471189331,0.956531590371167,0,0,0,1,0,0,1
359.401489617615,191.967993893181,50.0862789891758,6.84959124667964,21.9125432298021,54.4797027337663,162.968858178633,0.3591065076533,0.114588169675606,0.947308581833241,0.345745845089865,0.649069597790835,0.0257377755831153,0.566261854280033,0.471317200710733,0.0173427468064922,0.394154266041331,0,0,1,0,1,0,0
315.847130596242,166.1596600559,55.2700420845466,4.78583334379992,17.5744882891706,55.6815517680809,145.988045242489,0.616618443552074,0.540222804786191,0.264125731187529,0.400510463581505,0.856034996933806,0.774352949480206,0.0792370259405978,0.860143500304649,0.0172896527411966,0.607406556711858,0,0,1,0,0,1,0
346.042941189041,208.413251159489,54.5378191263568,4.50098336200582,23.2036223883317,53.8849807367842,166.09573144759,0.900410146540179,0.631904146356427,0.472428845316517,0.410915734298089,0.0932124740453441,0.560373703814075,0.0181730192762378,0.607364821726642,0.566896428800055,0.215813365663296,1,0,0,0,0,1,0
315.936382647151,170.206291672113,31.7025958899547,5.02135122384355,11.6056633498101,50.3559888288614,150.447641166229,0.173193236228588,0.955912309310205,0.811379403963487,0.103253220665975,0.753680089129792,0.0824935030810934,0.352596115137656,0.94168310582509,0.633292442378289,0.8614762028764,0,1,0,0,0,0,1
342.841530595135,225.248937922209,50.3700572191015,4.08088655513006,11.7218353129821,42.2586238593574,157.235869568774,0.875199609836318,0.58505101042387,0.815617586436662,0.519098939331864,0.690211281518978,0.475214033462273,0.240544919063899,0.262178521294081,0.125421880915554,0.804332918120466,0,1,0,0,1,0,0
267.448720334993,192.516242595172,57.679024077327,5.19275384906522,20.199961664814,36.2359222970741,134.249266997876,0.0276531565053425,0.967400601745654,0.75034318703502,0.0968032192690256,0.866660574997146,0.287292881774747,0.594647681433043,0.0963018021107754,0.610462152083559,0.245635312275771,1,0,0,0,0,1,0
248.287857910777,201.484849449503,55.8987982073452,4.63494478345374,15.7423284434747,56.6657856150988,135.846300825267,0.660338595978222,0.961606115606662,0.287833762140073,0.889762135819764,0.104091932133467,0.879681542587933,0.928642488069614,0.626613435603887,0.24035191041954,0.911048508006106,0,0,0,1,0,0,1
334.079725914081,214.815103288429,46.3614119002921,3.20867245195882,20.0560847874491,43.5260272398508,166.972480077925,0.414438873189694,0.650200335833597,0.494971619411357,0.0618447832232931,0.305695379396679,0.284927052807249,0.719852027771192,0.0909259298203804,0.336721342460547,0.0401550220341277,0,0,0,1,0,0,1
259.829516791308,219.299433951888,41.9437349246063,4.94141344886614,19.2257316368255,51.7423035066381,130.938628414799,0.791281552232494,0.505907984118089,0.186211595186723,0.449694430309309,0.694291487226374,0.941687070974199,0.767360861970987,0.782135363424416,0.408831580384341,0.75257312051674,0,0,1,0,1,0,0
265.52251111249,152.881297740996,38.8168807567837,4.6824569060698,18.7736917504278,48.1770256522765,116.866261348086,0.721198112930903,0.466021743826049,0.188399522782804,0.28469406639043,0.0220179788866502,0.546132749347113,0.950893110370623,0.256742408149057,0.11619479623428,0.457868785342644,0,1,0,0,0,0,1
277.223374824133,193.792889715081,48.6894598845859,3.36757669793202,4.91936823036671,45.3004288030438,139.632737821071,0.480107807145184,0.890378561115783,0.435841213138311,0.154869415654479,0.734075677730489,0.323613709546721,0.634091080896568,0.538751858443657,0.963093605444955,0.835459394476964,0,0,1,0,0,1,0
300.873957951253,226.405367362423,61.3307987955972,4.93286584538548,23.2033166693664,51.7219630140284,166.696792082174,0.643864036722597,0.0282566829717568,0.738592221242941,0.783836690842212,0.857978579001121,0.813545017417577,0.577730941409826,0.811377040301612,0.973764453627561,0.465485967436008,1,0,0,0,0,0,1
282.300304437326,149.056825417032,30.481958985184,6.48935596207448,14.9153538344411,54.7879662070219,121.797059130079,0.501773130699945,0.113808198023572,0.526584259997838,0.714932398919526,0.453304052376758,0.697400378365766,0.601867975952708,0.7880353687003,0.445001689089407,0.065582095670403,0,1,0,0,0,0,1
231.252435329099,211.618414261852,43.401082702705,5.52130374827571,11.0066957374372,61.6548211432136,123.6027682581,0.811518470621883,0.102071729119152,0.886683220847452,0.145947890181513,0.434329903426652,0.413962495695879,0.865805256567466,0.495975027079209,0.257466478080275,0.226545532295847,0,0,1,0,0,0,1
267.819079858355,132.333073117934,38.6019754457323,5.61192719273116,19.8879086560973,52.3577628508972,115.636055873969,0.476083985968232,0.756935325121055,0.830908797777576,0.63276564110631,0.278468962069366,0.629618302706593,0.388099035206985,0.975846413315473,0.958594446525311,0.994374834716938,0,1,0,0,1,0,0
188.829842388779,169.324794690932,57.849575212405,3.65850327441696,19.4652700498721,53.8390294869781,108.998545033946,0.523155989992076,0.339651023852535,0.0316054428204056,0.792555167330446,0.00505187000508733,0.778584264028281,0.795336225388004,0.497633157090841,0.818057396547191,0.334177602769369,0,1,0,0,0,1,0
331.261572551359,201.158916555206,44.456903734287,5.47689836892222,14.9183656997332,62.1247272839339,157.676799967327,0.250520586417179,0.637968544740701,0.568419042866216,0.773332220369887,0.186303516666356,0.851557794283489,0.652256934977161,0.278791416691055,0.724228605558232,0.160305217025433,0,0,1,0,0,0,1
219.897117219663,150.298546930341,45.2936234184521,5.14844958138008,5.13900671347653,52.2019931204405,108.309012535386,0.605043016810472,0.603782903842566,0.609161264355643,0.0922795976633616,0.979864118422371,0.816412713714064,0.304571550781963,0.302431244551687,0.461811787277639,0.805830825805489,0,0,1,0,1,0,0
244.780833028577,170.434677869475,47.8305043006335,5.52904523833443,11.2078126958241,53.679540640882,114.545687546007,0.302904808669835,0.385827969742532,0.961575144300081,0.685512719045776,0.867286077121357,0.166077088593418,0.0136884109840917,0.74364272387727,0.410578701441172,0.0450698273905008,0,1,0,0,0,0,1
302.608253963049,155.844949776092,54.453932508948,5.42262862170883,17.116392088332,32.6054932343121,135.549302290307,0.577284014542982,0.531567722242399,0.0232366267088617,0.716023920883577,0.266504638748921,0.828389552503586,0.20991999008692,0.437107038890594,0.779349272276852,0.0664087514687626,1,0,0,0,0,1,0
263.021850180434,249.444047966227,46.0761100185036,3.64021927449619,14.5675808966537,50.2959305958703,145.652016594386,0.16967811557407,0.64513853357166,0.531103770968629,0.862166267042027,0.963748857121046,0.0586290588837721,0.699988764626861,0.41878848478549,0.519613677764627,0.297518779454366,0,0,0,1,0,0,1
377.150729770337,204.92683266462,19.5385694520007,4.95859918844203,8.01997295408453,29.4632411715431,167.357034500923,0.159469092341159,0.940950329878138,0.204781361935852,0.508044338864987,0.367712615953286,0.200170681550569,0.579690309745235,0.0204865952699345,0.660582138820808,0.0474009746353967,0,1,0,0,1,0,0
235.357154513828,217.01870833558,55.4331189138752,4.24212913957483,18.7739975749541,50.5605855678824,132.130496488335,0.417029741191994,0.575634072860981,0.0536629062915891,0.461094000303357,0.29758537475118,0.622926720065989,0.274594699820286,0.305278160421049,0.566192981608412,0.995712683892306,1,0,0,0,0,0,1
313.352543467459,193.319746984545,54.3904295767204,4.94991590571518,12.8998746635877,45.5375439937061,153.22963225627,0.426819515110541,0.614367511768314,0.587488524731723,0.96511632491947,0.152807635449885,0.114692525446904,0.434302471401024,0.860383079841607,0.712185407151363,0.691128886082133,0,1,0,0,0,0,1
298.035859088625,189.397047537284,47.8045897166879,4.10259907309817,6.07947510360488,53.8237704139564,152.778261559248,0.268109264912539,0.0678558177037755,0.772604143632803,0.796512255738753,0.901611069510674,0.6033475950562,0.661148765581413,0.803504498227147,0.094105004078401,0.519586440857357,0,0,1,0,0,0,1
241.59532511294,151.505774340469,39.1596337932807,6.312470367141,20.0856708636436,56.9904560217789,117.740742156321,0.13159685036669,0.952215814760112,0.774865449225188,0.558730990806489,0.986992491066859,0.307965691363564,0.127086140489897,0.74651085998266,0.377621092635787,0.805166389956264,1,0,0,0,1,0,0
326.163833026588,191.244879117564,53.5178011068136,4.14102761155566,16.8172934048813,54.6140408538005,156.720517442797,0.0392105392138971,0.528081927909386,0.0302884101559068,0.330617071311279,0.327411404052682,0.429466585154648,0.432279580851216,0.0231283866757199,0.167089188509865,0.662486800611934,1,0,0,0,0,0,1
291.422683438888,177.155233645651,53.7923553353559,4.10105784353446,17.0792940919303,51.244360661972,132.353928326645,0.0252318272878161,0.801273419859922,0.406946400271589,0.845237996003511,0.703430423358427,0.315151503445478,0.416624214981979,0.0269902914316932,0.242043900023536,0.173264953675895,0,1,0,0,0,0,1
338.589527560683,225.73771772877,45.2996711729913,5.07458640654355,9.94814933069232,47.2099619180938,152.130688651967,0.271550290006476,0.0502910631473891,0.0445096271486205,0.455436389464405,0.335303409809555,0.0701735678649045,0.542601020120241,0.311464959390883,0.200824276538181,0.219633799648889,0,0,0,1,1,0,0
341.175207698187,234.233055999727,47.8326852942446,3.922900930596,13.8398617057842,74.5682905462297,162.668387950029,0.461853442161937,0.420910135737091,0.24783864699077,0.0926851921581606,0.104990739305455,0.500758752921961,0.521913680218495,0.474453272218133,0.503322299303865,0.867694285721291,0,1,0,0,1,0,0
408.161797464035,243.997361467225,40.6984349747568,4.57533669756713,18.1952435665957,50.259791461295,188.50068025902,0.726243281306127,0.256975459152702,0.192880702757948,0.45490427271344,0.392692306882324,0.963599444394887,0.36772668506785,0.90974126798627,0.0189929885099187,0.336961326773821,0,0,0,1,0,1,0
366.82639747182,225.576558183837,48.2141090791267,4.17003540246204,13.8601937794946,48.8101444570469,170.478159464294,0.474871700714009,0.26697589868859,0.215182579242157,0.871968396150146,0.551569960761176,0.611783348160127,0.762733628812546,0.384629816005539,0.963967602008444,0.447640342624878,1,0,0,0,1,0,0
